Entity,Code,Year,Other renewables (including geothermal and biomass) - TWh,Biofuels consumption - TWh,Solar consumption - TWh,Wind consumption - TWh,Hydro consumption - TWh,Nuclear consumption - TWh,Gas consumption - TWh,Coal consumption - TWh,Oil consumption - TWh
Brazil,BRA,1985,9.790892,54.091652,,0,527.45294,9.593637,25.739506,116.54804,628.43634
Brazil,BRA,1983,9.52699,35.638332,,,447.9099,0,17.629381,79.83681,611.24536
Brazil,BRA,1984,9.103141,44.14031,,,492.6137,4.662037,20.518612,98.5913,610.0693
Brazil,BRA,2009,73.02445,160.77116,0,3.4573774,1091.9171,34.72314,206.68614,129.20715,1218.8019
Brazil,BRA,2008,63.161774,148.09232,0,3.3242989,1038.475,37.666557,256.60886,160.13234,1231.772
Brazil,BRA,1982,6.9541354,24.80579,,,417.32578,0,13.037024,70.991806,655.04785
Brazil,BRA,2007,57.6622,108.08048,0,1.8740958,1057.573,33.509514,218.01636,157.87172,1183.2921
Brazil,BRA,1981,5.980987,17.817741,,,386.6707,0,9.12389,67.15785,643.2869
Brazil,BRA,1980,5.763551,19.460564,,,381.1766,0,10.168068,68.64476,667.90845
Brazil,BRA,1979,5.669417,15.8962145,,,344.7258,0,8.698108,62.928658,688.5365
Brazil,BRA,2006,47.390377,81.880554,0,0.6743608,992.4927,37.55473,211.69781,148.97397,1126.7306
Brazil,BRA,2005,43.55149,85.1891,0,0.26601112,966.2783,27.078781,201.27115,151.0846,1101.6764
Brazil,BRA,1978,4.2518373,11.557998,,,303.81882,0,7.9377837,57.935013,646.7667
Brazil,BRA,2004,39.95061,80.951706,0,0.17578083,924.42505,32.106987,193.22482,156.65688,1083.5645
Brazil,BRA,2003,38.113205,72.71927,0,0.1769075,886.3243,37.17461,162.47292,149.41873,1048.2212
Brazil,BRA,2002,32.784405,76.281456,0,0.1780489,835.0557,38.753277,145.16252,144.01038,1077.904
Brazil,BRA,1977,3.5651987,6.4297576,,,276.41934,0,6.0319047,50.386036,590.5332
Brazil,BRA,2001,28.801365,70.38952,0,0.102528885,786.9629,40.253777,122.86193,148.78801,1099.6735
Brazil,BRA,1999,26.737911,86.1763,0,0.005913972,866.39795,11.284797,77.880455,141.80779,1044.3267
Brazil,BRA,2000,25.075924,75.091156,0,0.002957,900.1172,17.155615,97.04505,151.18149,1091.0947
Brazil,BRA,1998,23.958237,85.93735,0,0.014784943,861.8712,9.264486,65.63152,140.04022,1042.4209
Brazil,BRA,1997,23.555117,86.4819,0,0.011827944,824.91864,8.9920845,62.624912,142.97125,1003.6971
Brazil,BRA,1996,21.556028,89.89064,0,0.005913972,785.7779,6.8866487,57.627487,142.11913,921.4849
Brazil,BRA,1975,2.7682078,3.2140584,,,213.75188,0,4.196989,37.225246,538.16486
Brazil,BRA,1976,2.7591426,2.9493003,,,245.17284,0,4.835661,39.726395,579.715
Brazil,BRA,1974,2.5063648,3.3467155,,,194.2121,0,3.8624463,31.31228,522.1538
Brazil,BRA,1973,2.3967085,3.582667,,,171.1801,0,2.0072556,29.51856,470.9368
Brazil,BRA,1972,2.2874384,4.30411,,,149.86317,0,1.7538141,30.035912,388.73825
Brazil,BRA,1971,2.0219269,3.4898133,,,127.738976,0,1.2773445,28.53244,342.16653
Brazil,BRA,2020,187.51598,246.24341,28.228252,149.83165,1041.0116,35.415028,314.23697,163.13281,1228.7523
Brazil,BRA,2021,177.88312,243.48631,43.835308,189.14905,949.37866,36.922523,404.4645,197.9085,1327.6416
Brazil,BRA,2019,175.31865,264.4833,17.541286,147.57654,1048.7928,40.79735,357.33347,179.51239,1301.5947
Brazil,BRA,2018,173.5992,238.94646,9.158012,128.252,1029.1113,39.793324,358.90796,190.97849,1307.2214
Brazil,BRA,1995,17.856361,87.00409,0,0,750.7947,7.1477,52.304947,137.72981,859.95514
Brazil,BRA,1994,17.20031,83.52217,0,0,717.67633,0.15606333,47.3917,131.33165,801.57837
Brazil,BRA,2017,168.90625,206.01038,2.2136967,112.76754,987.0897,40.194183,376.32028,195.27472,1374.2164
Brazil,BRA,2022,168.46057,241.95108,78.54375,212.8245,1113.5426,36.423683,319.7619,162.66177,1390.6998
Brazil,BRA,2016,163.87085,201.6292,0.22824582,89.65097,1019.7129,40.753506,370.8788,185.14966,1360.2913
Brazil,BRA,2015,159.22818,221.57112,0.15866305,58.237415,968.7774,38.07549,429.3654,204.981,1436.5623
Brazil,BRA,2014,150.28638,189.42982,0.04356722,33.078766,1011.683,39.97846,406.55472,203.76967,1529.594
Brazil,BRA,1993,15.909745,77.74668,0,0,695.08466,1.2541817,43.394627,127.936264,753.877
Brazil,BRA,1992,15.735526,73.60091,0,0,660.42285,4.991189,37.04399,124.18001,723.3313
Brazil,BRA,2013,130.7905,172.71475,0.013064556,17.921974,1065.6166,40.405575,383.8277,191.64679,1471.0026
Brazil,BRA,1991,12.767581,75.06763,0,0,643.979,4.0916967,32.700607,127.96354,720.02423
Brazil,BRA,1990,12.318916,73.80176,0,0,611.2333,6.347521,31.455135,111.62079,719.21423
Brazil,BRA,2012,114.171326,147.74107,0.0044285553,13.846774,1138.8414,42.199436,325.76535,177.79971,1431.951
Brazil,BRA,1987,11.382434,70.32529,,0,548.8172,2.7609022,33.474533,123.55479,696.63416
Brazil,BRA,2011,104.15856,154.74986,0,7.4615235,1181.6226,41.453403,274.83426,179.673,1351.8365
Brazil,BRA,2010,101.96658,169.53796,0,6.0412083,1119.3627,38.68147,275.7678,168.19763,1305.4814
Brazil,BRA,1989,10.863589,80.06222,,0,605.2662,5.192652,34.54913,125.29147,715.05914
Brazil,BRA,1988,10.661271,74.05764,,0,588.7159,1.7252092,33.697563,126.26784,697.7388
Brazil,BRA,1986,10.195684,69.462074,,0,539.411,0.4086022,29.987183,117.9925,679.39355
Brazil,BRA,1970,1.6430006,3.6049886,,,117.691124,0,0.8110125,28.344795,301.26898
Brazil,BRA,1969,,,,,96.66989,0,0.755965,24.818419,263.56772
Brazil,BRA,1968,,,,,90.33602,0,0.7172897,22.236559,240.19615
Brazil,BRA,1967,,,,,86.311554,0,0.6787161,22.59709,199.99173
Brazil,BRA,1966,,,,,82.51774,0,0.6004025,21.864399,193.79759
Brazil,BRA,1965,,,,,75.447586,0,0.51342165,20.17805,177.73056
Canada,CAN,1988,7.932627,,,0.002957,909.082,235.13634,608.47504,333.4186,1002.7983
Canada,CAN,1984,7.460181,,,,846.0626,148.14665,541.11523,324.2714,899.10645
Canada,CAN,1987,7.3803763,,,0.002957,935.0177,219.22923,552.8691,310.48444,952.6294
Canada,CAN,1982,6.828125,,,,762.29706,108.78181,511.20673,278.24472,947.26935
Canada,CAN,1983,6.655746,,,,786.4172,137.9316,487.4895,291.11526,890.6957
Canada,CAN,1981,6.0588036,,,,786.60345,113.690704,482.727,263.31723,1043.3728
Canada,CAN,1986,5.9534607,,,0.002957,918.5443,202.22118,546.25397,288.88306,923.06506
Canada,CAN,1985,5.3533263,,,0.002957,897.875,171.72923,567.60046,311.69055,903.02344
Canada,CAN,1979,4.2935147,,,,721.86316,100.081985,500.634,211.7474,1121.5848
Canada,CAN,1980,4.1498656,,,,742.6419,107.91637,497.49075,257.8914,1101.6031
Canada,CAN,2016,36.261917,20.058672,10.794679,82.80911,1031.817,258.746,1051.926,213.09785,1273.5061
Canada,CAN,2017,35.577812,23.655487,9.510755,83.86688,1050.1116,256.89523,1097.8177,221.6048,1260.5651
Canada,CAN,2013,35.22792,21.47277,4.085374,30.37599,1067.7883,268.64478,1054.407,239.33687,1277.7136
Canada,CAN,2012,34.839138,21.906025,2.415116,31.01537,1042.668,247.86096,994.2352,245.40971,1285.4945
Canada,CAN,2018,33.650955,24.432734,10.045746,88.55608,1020.9701,253.962,1162.0444,181.72258,1300.6892
Canada,CAN,2019,32.902954,24.792374,10.754235,86.6591,1006.336,254.19629,1168.621,170.1786,1297.2765
Canada,CAN,2010,32.871906,10.408487,0.7093147,24.214682,975.2962,239.78362,915.72095,286.98526,1266.4891
Canada,CAN,2011,32.604485,16.785923,1.5771648,28.106756,1036.492,246.02522,1005.50793,258.7261,1268.1564
Canada,CAN,2002,32.069218,1.5438763,0.066364996,1.182128,1019.47485,210.06763,874.6652,371.2714,1183.052
Canada,CAN,2015,31.881115,20.805141,7.796024,72.619736,1029.2358,261.26126,1103.3245,228.95923,1277.9789
Canada,CAN,2021,31.481823,24.698872,13.519392,90.94714,1001.64905,230.96967,1169.7312,138.15527,1142.5413
Canada,CAN,2004,31.29805,1.6857156,0.041101385,2.723161,975.14624,248.20045,878.19775,349.85416,1280.9209
Canada,CAN,2014,31.268425,22.155497,5.743832,34.7227,1036.2336,276.95135,1098.4153,227.59932,1274.6562
Canada,CAN,2001,30.875477,1.5438763,0.05751889,0.9665322,973.9385,214.70778,840.42194,369.12305,1140.463
Canada,CAN,2020,30.47379,23.29899,11.241582,93.92787,1015.1783,245.74895,1136.4077,148.405,1103.0295
Canada,CAN,2003,30.061926,1.6811097,0.06609222,2.0010855,974.8459,206.97218,897.84796,370.35748,1227.1874
Canada,CAN,1978,3.6135752,,,,695.64355,88.53614,493.10925,223.62164,1079.6921
Canada,CAN,1977,3.4124663,,,,650.9723,74.74582,488.442,271.95593,1046.0139
Canada,CAN,2005,29.22595,1.989885,0.048678055,4.4882703,1036.429,251.14131,875.9175,348.345,1245.6702
Canada,CAN,2007,28.701357,7.7265606,0.07351805,8.503444,1039.4941,251.88799,936.5643,352.7697,1290.1234
Canada,CAN,1998,28.68915,1.2351011,0.02988111,0.18333334,978.3788,201.44266,787.5727,349.21582,1094.4218
Canada,CAN,1999,28.548355,1.440951,0.039218888,0.47903222,1020.1636,207.08183,841.914,335.69028,1115.5518
Canada,CAN,2009,28.54487,8.93141,0.30440557,18.54822,1029.6378,239.75511,897.27527,280.0783,1214.6228
Canada,CAN,2006,28.53207,2.0079758,0.05975361,7.0368724,1004.1071,265.62433,870.735,337.43332,1256.4135
Canada,CAN,2000,28.465021,1.5481061,0.048556942,0.78064525,1054.9357,205.1344,892.2072,355.18835,1109.1815
Canada,CAN,2022,27.197453,23.494785,15.6783495,97.83473,1038.782,216.76048,1216.2826,107.23305,1185.2417
Canada,CAN,1997,26.074625,0,0.020543303,0.18333334,1031.0419,232.54778,801.05646,326.6361,1073.6844
Canada,CAN,2008,25.47049,9.288763,0.09835194,10.645945,1060.7625,257.12036,925.4387,335.23026,1245.2123
Canada,CAN,1996,24.032557,0,0.017430665,0.18333334,1048.5249,261.39783,785.5823,312.5264,1041.7711
Canada,CAN,1995,22.785524,0,0.011361055,0.1744625,987.811,275.7049,772.519,306.23358,1016.64703
Canada,CAN,1976,2.2568884,,,,628.91907,49.41816,465.67725,212.829,1037.8885
Canada,CAN,1994,18.300907,,0.006069611,0.1744625,969.4654,303.85306,747.5286,292.96918,968.858
Canada,CAN,1993,15.376847,,0.006069611,0.1744625,952.783,264.69534,722.08167,276.30972,948.57947
Canada,CAN,1992,14.253192,,0.006069611,0.1744625,931.9681,227.0639,680.55365,311.20917,936.4967
Canada,CAN,1991,12.717741,,0,0.0056750276,908.6118,239.31302,642.0107,305.49612,912.6727
Canada,CAN,1990,12.621976,,0,0.0056750276,874.33234,205.60634,637.60443,315.60306,962.80804
Canada,CAN,1989,11.099294,,,0.002957,858.85675,225.06271,657.7812,332.71832,1041.8708
Canada,CAN,1975,0,,,,598.7016,35.667564,461.5815,179.76491,1013.2218
Canada,CAN,1974,,,,,622.94006,41.70012,446.97964,184.77744,1027.002
Canada,CAN,1973,,,,,575.5898,43.28345,442.17908,181.8583,1009.6328
Canada,CAN,1972,,,,,537.10455,20.46132,415.7948,176.5783,924.3328
Canada,CAN,1971,,,,,480.39542,12.1076765,369.66525,187.1267,877.85034
Canada,CAN,1970,,,,,467.60938,2.942503,346.3385,196.87263,854.80023
Canada,CAN,1969,,,,,445.43494,1.5010456,313.4963,183.37021,801.5453
Canada,CAN,1968,,,,,402.7419,2.6048386,280.52078,189.92952,769.7931
Canada,CAN,1967,,,,,396.01184,0.43413973,251.91719,174.82216,723.1062
Canada,CAN,1966,,,,,387.36557,0.4880525,237.22487,176.45036,677.2622
Canada,CAN,1965,,,,,349.18494,0.36320192,216.68422,179.98587,642.81793
Germany,DEU,2009,98.6448,31.512589,18.753061,110.08871,53.1481,361.60092,844.30115,834.2924,1339.8384
Germany,DEU,1999,9.38508,1.335928,0.056182776,16.346235,61.16828,482.3889,836.1908,955.58167,1601.1072
Germany,DEU,2008,89.47387,31.71529,12.667742,116.29426,57.446014,401.1802,895.0063,931.8082,1399.0693
Germany,DEU,1998,8.676411,1.0260495,0.044354722,13.273924,56.18871,458.5424,838.65027,992.51227,1650.717
Germany,DEU,2007,78.58038,36.146408,8.870247,114.538445,59.860737,381.32123,886.36194,1008.28674,1319.4586
Germany,DEU,1997,7.332493,0.92359555,0.032526944,8.77043,56.040855,483.30823,831.03357,1016.81824,1648.9271
Germany,DEU,2006,60.442287,31.798754,6.4448414,89.129456,56.996304,456.95532,920.0689,983.3112,1457.237
Germany,DEU,1996,6.8408937,0.56465524,0.017741943,6.0086017,55.644623,458.57928,869.91,1049.4019,1658.878
Germany,DEU,1995,6.5408263,0.35948056,0.014784943,4.4354835,63.740856,437.26105,777.37354,1053.9393,1631.1295
Germany,DEU,1980,6.2766833,,,,56.387253,157.73462,610.7291,1643.761,1764.3438
Germany,DEU,1994,6.084341,0.28761888,0.011827944,2.6879032,59.716396,429.03223,712.92725,1111.4517,1631.9728
Germany,DEU,1981,5.7594953,,,,58.887474,185.95085,583.9387,1671.3124,1601.3843
Germany,DEU,1982,5.7421784,,,,58.365032,211.18488,541.86145,1631.4796,1513.8575
Germany,DEU,1989,5.58402,,,0.07688166,53.946507,458.74387,633.358,1640.0974,1468.3829
Germany,DEU,1993,5.3086357,0.051373333,0.008870971,1.7741935,56.064518,435.55853,700.1133,1145.7742,1646.8727
Germany,DEU,1985,5.248079,,,,51.453533,393.3959,581.4914,1735.9985,1522.7413
Germany,DEU,1984,5.244615,,,,54.64272,296.00104,588.30133,1745.2443,1477.557
Germany,DEU,1988,5.228453,,,0.023655916,59.374542,444.9791,618.8514,1614.3953,1562.9131
Germany,DEU,1986,5.093384,,,0.002957,54.91715,370.26447,579.8007,1640.3766,1604.2207
Germany,DEU,2005,46.945107,19.939837,3.7453449,79.52845,56.231716,447.98557,902.8105,945.3872,1460.0576
Germany,DEU,1992,4.9862227,0.05137111,0.005913972,0.8131719,55.103497,450.59735,661.6269,1214.498,1621.655
Germany,DEU,1983,4.9167547,,,,55.331234,221.50493,563.34344,1690.967,1482.448
Germany,DEU,1991,4.8234205,,0.002957,0.29569888,46.86828,418.2497,669.1928,1343.5953,1607.6146
Germany,DEU,1987,4.615446,,,0.005913972,60.153942,402.1468,628.617,1633.6312,1562.0078
Germany,DEU,1979,4.607365,,,,54.360363,147.73238,619.478,1606.7775,1949.9529
Germany,DEU,1990,4.580813,,0.002957,0.2099461,51.259407,432.721,636.8833,1529.6908,1537.2932
Germany,DEU,1978,4.2056203,,,,54.29693,124.49029,560.4233,1518.4825,1890.2781
Germany,DEU,1976,4.0786324,,,,40.944935,83.80033,492.28854,1560.839,1834.9529
Germany,DEU,2004,33.95065,10.79538,1.60508,74.9777,59.78195,461.9717,888.2105,988.11,1490.4901
Germany,DEU,1977,3.9793503,,,,51.990257,117.061676,522.7913,1499.0023,1812.3656
Germany,DEU,1975,3.5903046,,,,50.44364,68.491936,465.14346,1478.5684,1698.3301
Germany,DEU,1974,3.4356098,,,,52.155766,41.027626,440.76492,1632.1193,1748.5242
Germany,DEU,1973,3.3617256,,,,45.03335,34.350956,352.33054,1625.1296,1927.148
Germany,DEU,1972,3.252054,,,,39.049686,27.018816,273.22437,1619.8612,1807.8164
Germany,DEU,1971,3.1954863,,,,39.786846,17.637993,211.02472,1659.38,1712.5317
Germany,DEU,2003,28.56592,8.098877,0.90773886,55.354668,53.133743,459.35327,883.7197,1013.6199,1507.717
Germany,DEU,2002,20.430107,5.6522837,0.58376694,46.117584,69.17638,461.70624,873.12775,997.1488,1537.7799
Germany,DEU,1970,2.9368925,,,,51.846897,18.42682,159.73753,1733.998,1644.0702
Germany,DEU,2020,163.16112,39.271008,129.9908,346.93808,48.11887,162.255,871.07495,514.8666,1172.2838
Germany,DEU,2016,163.02213,30.844444,100.53882,213.95955,55.00241,217.41505,848.8475,889.935,1323.3187
Germany,DEU,2017,162.95374,31.388775,103.154274,281.27975,53.624996,194.91447,877.3847,835.9297,1352.0428
Germany,DEU,2018,162.59673,32.717903,117.25863,290.90036,46.810852,192.9632,858.5072,806.68994,1286.6825
Germany,DEU,2015,160.99455,30.778166,102.53761,217.1182,51.104538,237.191,769.5361,915.0558,1296.5422
Germany,DEU,2022,160.80095,34.682938,158.4799,326.6401,45.62486,86.81232,772.8999,647.22217,1183.1235
Germany,DEU,2021,160.69852,34.888226,129.10684,299.99414,51.436016,173.58215,917.31525,621.9345,1160.5002
Germany,DEU,2019,160.51074,32.160137,119.20131,331.8531,52.01037,189.8903,892.83026,624.2178,1294.7367
Germany,DEU,2001,16.599463,3.5970435,0.29377887,30.846773,68.15668,482.9241,874.48193,994.93604,1590.9633
Germany,DEU,2014,154.39673,32.831333,96.032104,158.47409,53.0631,252.50037,738.9503,925.89496,1298.318
Germany,DEU,2013,145.49602,31.311943,83.45502,143.73036,62.679157,254.44252,849.74335,963.3986,1334.2625
Germany,DEU,2012,137.97963,34.992554,73.330315,141.70322,59.650803,261.69418,811.1005,936.07416,1305.3893
Germany,DEU,2011,117.81337,32.84833,55.148262,137.53824,48.748184,285.82077,808.6072,910.7911,1313.2709
Germany,DEU,2010,108.36611,31.542221,33.204247,106.990234,58.1567,374.36166,880.71246,896.1722,1357.6443
Germany,DEU,2000,10.853495,2.5692632,0,28.091396,73.62903,481.25955,829.24585,992.09576,1570.4348
Germany,DEU,1966,,,,,51.84784,0.7519414,37.22992,1745.3394,1141.8322
Germany,DEU,1968,,,,,49.97013,5.011051,78.86974,1705.4391,1331.1227
Germany,DEU,1967,,,,,49.240704,3.4759557,47.988647,1681.3043,1187.4216
Germany,DEU,1965,,,,,47.939327,0.33198917,30.975672,1869.4764,1020.56976
Germany,DEU,1969,,,,,40.550602,14.008811,112.316376,1755.9604,1496.9418
India,IND,2015,97.7368,14.423827,17.683079,88.17162,358.92618,98.992966,478.0684,4490.47,2277.9543
India,IND,2018,86.904854,20.400928,96.122734,159.5672,369.7484,99.14305,579.96277,4981.6016,2688.0571
India,IND,2003,8.65898,7.9651065,0.046870552,7.553315,200.96754,50.48722,284.26898,2107.9834,1336.1466
India,IND,2017,79.51202,15.23083,57.33638,140.06178,361.46524,95.54765,535.9986,4737.1567,2571.897
India,IND,2016,79.22082,17.313034,30.935793,116.32454,343.6824,97.354065,507.90982,4587.692,2498.029
India,IND,2014,78.77083,13.584625,13.298961,90.6326,376.55457,90.17042,485.01566,4401.073,2107.8127
India,IND,2013,71.754364,12.048718,9.3563595,81.7827,359.70886,87.11104,490.193,4009.7288,2051.2622
India,IND,2012,63.639782,12.080408,5.7553225,75.21842,317.45135,87.19555,556.9909,3787.818,2036.4174
India,IND,2002,6.831,8.552064,0.038328055,6.0857697,200.0712,54.204597,265.54413,2012.7899,1311.6343
India,IND,2001,6.6051493,0,0.03264222,6.1252875,211.5882,53.248417,254.27748,1926.9531,1285.0222
India,IND,2011,54.704803,12.502778,2.281407,66.07612,363.32748,85.30224,602.85876,3478.864,1920.2164
India,IND,2000,5.382308,0,0.020908,4.677957,227.65968,44.743122,253.62692,1911.1661,1281.2372
India,IND,1999,5.382308,0,0.017921139,4.2758064,243.21074,36.115524,241.23369,1796.674,1222.579
India,IND,2010,45.632557,10.983733,0.31364027,54.00277,301.82782,61.47768,589.6162,3348.546,1832.5693
India,IND,1998,4.126013,,0.017921139,3.1905913,247.30107,32.265713,235.42874,1813.659,1113.5074
India,IND,2009,37.16364,8.838858,0.20945333,45.440216,296.9715,45.06526,491.08084,3268.2656,1793.4767
India,IND,1997,3.1336806,,0.017921139,2.9215052,207.61319,28.578918,214.52634,1755.3625,1039.8557
India,IND,2008,29.693884,10.363011,0.1770336,40.403576,323.63162,41.069977,399.87665,3020.762,1704.7189
India,IND,2007,23.631887,9.914723,0.16682972,33.03453,346.70337,48.38428,388.1026,2790.2725,1622.9005
India,IND,1996,2.413781,,0.017921139,2.5973601,204.20241,23.838755,197.31721,1678.4825,972.76135
India,IND,2006,17.834845,8.86546,0.020486915,26.568398,320.4419,48.142445,358.77188,2549.8647,1519.2104
India,IND,2022,130.06546,36.197903,248.08994,182.61719,456.0515,115.569664,581.8393,5581.4287,2791.5835
India,IND,2005,12.88098,8.345937,0.05206194,17.15471,278.95374,48.708836,343.25635,2456.1133,1438.144
India,IND,2021,117.34685,31.504736,178.73424,178.18063,419.5389,110.275894,620.8639,5359.929,2568.6013
India,IND,2020,104.88108,22.518284,154.11977,158.69983,429.93338,112.43298,603.6012,4714.672,2520.2527
India,IND,2019,100.591385,22.752974,121.96038,166.89456,427.20215,114.238106,592.4984,4989.023,2775.6797
India,IND,2004,10.580124,8.6782465,0.05239361,15.05787,289.99792,58.777546,306.69138,2243.5286,1414.2178
India,IND,1995,1.7997489,,0.0029868612,1.4680564,224.4972,21.606615,180.77829,1631.6134,901.3517
India,IND,1994,1.2139482,,0,0.56561273,237.18634,14.032387,158.56918,1537.2871,808.2667
India,IND,1993,0.8045936,,0,0.2802339,209.15523,17.66902,146.67085,1489.6254,752.0428
India,IND,1992,0.3811233,,0,0.26160473,207.16887,18.170624,144.3469,1438.2565,744.1866
India,IND,1991,0.30348694,,0,0.3338736,218.57735,15.361639,129.10802,1357.8776,706.101
India,IND,1990,0.11998333,,0,0.08960583,196.3354,18.145542,115.927345,1276.025,694.05817
India,IND,1971,0,,0,0,98.71657,2.758825,6.7062187,442.8722,243.33246
India,IND,1974,0,,0,0,98.18077,5.103826,8.303968,520.8561,271.54297
India,IND,1972,0,,0,0,95.81544,2.620884,7.3559065,467.68307,262.38324
India,IND,1989,0,,0,0,187.38374,11.411504,96.904594,1179.941,667.7726
India,IND,1981,0,,0,0,174.70767,6.997383,19.781782,742.1424,405.65527
India,IND,1978,0,,0,0,166.10886,6.4205384,15.404812,590.66406,342.3745
India,IND,1980,0,,0,0,163.93954,6.9472227,11.331031,659.565,376.81616
India,IND,1988,0,,0,0,161.4958,17.242657,81.50488,1085.5574,616.50073
India,IND,1979,0,,0,0,160.17592,6.6588,19.158562,627.49286,369.47275
India,IND,1984,0,,0,0,158.73842,11.461663,35.340595,818.31085,477.06702
India,IND,1986,0,,0,0,155.44527,14.245568,60.40024,921.24005,544.25946
India,IND,1985,0,,0,0,153.21062,12.7909155,43.22828,857.39703,517.6358
India,IND,1982,0,,0,0,147.43451,6.119575,25.934563,733.90405,422.65634
India,IND,1987,0,,0,0,144.78168,15.098296,69.577,1011.6298,561.7667
India,IND,1983,0,,0,0,142.0635,8.727919,30.85775,779.04803,444.35294
India,IND,1977,0,,0,0,133.88286,5.2543077,13.792624,610.3462,315.044
India,IND,1976,0,,0,0,122.709625,7.536608,12.914344,583.0348,293.2587
India,IND,1975,0,,0,0,117.29943,6.081955,10.630812,559.9062,278.0928
India,IND,1973,0,,0,0,102.035866,5.54273,7.3366566,461.44937,276.95908
India,IND,1970,,,,0,90.00013,3.7118735,6.328466,436.80887,226.89145
India,IND,1969,,,,0,84.86436,2.0565786,4.74504,460.8412,227.92883
India,IND,1968,,,,0,76.435425,0,3.9542,433.8247,189.77089
India,IND,1967,,,,0,66.229225,0,3.5587797,419.28525,169.36021
India,IND,1966,,,,0,59.185505,0,2.66327,412.41534,164.14967
India,IND,1965,,,,0,56.67643,0,2.37252,413.40735,146.99513
Iran,IRN,2014,0.14875665,,0.0018963694,0.54181945,39.292755,10.579254,1734.0094,10.552486,961.54517
Iran,IRN,2018,0.078017496,,0.5868647,1.9842952,26.028666,17.480797,2126.4338,15.848832,899.0051
Iran,IRN,2017,0.078017496,,0.22835195,0.8462903,45.859352,17.76808,2050.0398,11.981637,859.2895
Iran,IRN,2012,0.07214389,,0.0019193555,0.7759677,34.27968,3.8196535,1525.4553,10.651124,982.9681
Iran,IRN,2020,0.07131694,,1.533406,2.9572015,60.94304,15.953461,2367.6733,21.418182,908.09296
Iran,IRN,2022,0.071122214,,1.9052374,3.2499468,19.432703,16.427147,2289.1401,21.138962,1025.3413
Iran,IRN,2021,0.071122214,,1.616114,2.9585476,38.94208,8.880182,2364.6533,19.573114,924.24023
Iran,IRN,2011,0.07022861,,0.0019310584,0.58483475,29.473465,0.28346664,1531.9261,13.733183,953.4409
Iran,IRN,2016,0.069589995,,0.013385193,0.41761777,41.28527,16.631624,1963.1904,10.559657,846.62683
Iran,IRN,2013,0.061609443,,0.0019077917,0.59686667,39.856506,11.129087,1538.3448,8.86266,1049.0637
Iran,IRN,2015,0.052033056,,0.004039472,0.37970915,35.68727,9.032548,1840.1948,12.6951065,847.475
Iran,IRN,2019,0.034111943,,1.3455929,1.9031719,89.2672,16.215496,2183.8955,18.932867,946.3437
Iran,IRN,2010,0.032560553,,0.0019429055,0.46907276,28.455235,0,1443.894,13.363621,935.3785
Iran,IRN,2009,0.00542675,,0.0008378139,0.63171136,18.775402,0,1347.9441,9.255012,1002.67725
Iran,IRN,2008,0,,0.00056201115,0.55020946,20.901213,0,1257.8671,14.342342,1029.7059
Iran,IRN,2006,0,,0.00028454166,0.35652915,52.665596,0,1057.84,17.473772,991.9344
Iran,IRN,2007,0,,0.00028276112,0.39841193,50.781242,0,1185.5222,18.215395,999.07385
Iran,IRN,2005,0,,0,0.2030161,41.370598,0,970.46906,18.102768,910.1544
Iran,IRN,2004,0,,0,0.13342054,34.386753,0,932.5601,15.971223,848.9064
Iran,IRN,2000,0,,0,0.10793,11.180376,0,594.40875,15.1596575,775.7112
Iran,IRN,1999,0,,0,0.10349472,15.207796,0,549.7264,14.264881,752.2657
Iran,IRN,2001,0,,0,0.09900333,12.109562,0,665.327,14.8619995,799.74396
Iran,IRN,2002,0,,0,0.08844056,23.385702,0,782.20325,14.081556,806.6087
Iran,IRN,2003,0,,0,0.08004333,27.80639,0,802.7674,15.257164,810.28345
Iran,IRN,1993,0,,0,0,31.145967,0,165.13165,12.766506,691.70404
Iran,IRN,1992,0,,0,0,27.216127,0,305.18286,10.385508,630.6393
Iran,IRN,1996,0,,0,0,26.062902,0,374.79382,12.55833,737.46826
Iran,IRN,1995,0,,0,0,24.61102,0,318.67996,12.004997,702.64813
Iran,IRN,1998,0,,0,0,22.141935,0,462.31348,14.989162,736.06213
Iran,IRN,1990,0,,0,0,21.825539,0,227.9851,8.261172,553.2112
Iran,IRN,1994,0,,0,0,20.391397,0,261.0528,12.817841,714.48303
Iran,IRN,1997,0,,0,0,17.567472,0,397.5235,12.872003,758.171
Iran,IRN,1991,0,,0,0,16.579838,0,265.31036,11.791994,586.54645
Iran,IRN,1974,,,,,9.657339,0,41.76508,8.086142,219.959
Iran,IRN,1973,,,,,8.768707,0,41.07707,7.3832474,189.24191
Iran,IRN,1971,,,,,7.8800755,0,29.54346,2.8104126,141.64664
Iran,IRN,1970,,,,,7.3312144,0,25.524555,3.98909,129.19635
Iran,IRN,1969,,,,,6.8084893,0,10.763926,3.6169298,119.565926
Iran,IRN,1968,,,,,6.324969,0,9.173319,3.27966,109.47246
Iran,IRN,1967,,,,,5.880653,0,8.587943,2.97728,99.205444
Iran,IRN,1966,,,,,5.4624734,0,8.191686,2.69816,89.68452
Iran,IRN,1965,,,,,5.083498,0,7.8132787,2.45393,81.939705
Iran,IRN,1988,,,,,24.383333,0,123.674675,11.242,500.27936
Iran,IRN,1987,,,,,23.111826,0,113.91767,10.89417,498.83618
Iran,IRN,1986,,,,,20.846773,0,93.05474,11.074993,478.29694
Iran,IRN,1989,,,,,19.90645,0,156.16835,8.25916,536.6414
Iran,IRN,1982,,,,,18.909567,0,67.49103,15.668668,357.87906
Iran,IRN,1983,,,,,18.504456,0,77.13311,14.783498,435.68042
Iran,IRN,1978,,,,,18.360706,0,38.008427,9.15167,340.1507
Iran,IRN,1981,,,,,18.020933,0,49.280403,11.616998,328.61838
Iran,IRN,1985,,,,,17.443277,0,96.86437,11.244663,518.38904
Iran,IRN,1984,,,,,17.302189,0,89.78872,11.429499,471.64413
Iran,IRN,1980,,,,,16.505033,0,45.35404,13.911492,330.28473
Iran,IRN,1979,,,,,15.916967,0,50.920696,13.20983,357.92117
Iran,IRN,1977,,,,,11.722101,0,49.080723,14.977358,339.15933
Iran,IRN,1976,,,,,11.343127,0,47.99568,14.805024,292.3251
Iran,IRN,1972,,,,,10.349949,0,33.817947,4.391081,157.65855
Iran,IRN,1975,,,,,10.14086,0,42.60883,14.979475,257.91962
Italy,ITA,1983,9.868523,,0,0,122.55242,16.40935,260.48724,156.58632,1053.4364
Italy,ITA,1966,9.76318,,0,0,129.27957,10.96132,80.52125,104.34436,673.43463
Italy,ITA,1988,9.565617,,0,0,120.278496,0,396.84848,160.35443,1086.6914
Italy,ITA,1989,9.51738,,0.0059737223,0.005913972,100.706184,0,429.2785,167.30917,1118.1211
Italy,ITA,1991,9.3801155,,0.014784943,0.008512555,124.90026,0,482.58197,161.72418,1134.5225
Italy,ITA,1990,9.299601,,0.011827944,0.0056750276,93.51774,0,454.26022,170.25906,1127.5317
Italy,ITA,1987,9.293216,,0,0,116.81586,0.49372748,365.805,171.0773,1067.5886
Italy,ITA,1986,8.677475,,0,0,121.520424,24.850956,329.7765,172.34497,1023.8364
Italy,ITA,1985,8.102169,,0,0,121.5086,19.930704,311.90073,175.33388,999.88416
Italy,ITA,2016,78.43006,15.401496,59.17404,47.353313,113.59206,0,675.4584,127.73232,704.78986
Italy,ITA,2015,77.898094,15.485837,61.782707,39.97421,122.631226,0,643.1542,143.39546,710.4441
Italy,ITA,2020,77.86193,13.227081,65.50359,49.273388,125.1002,0,676.2516,59.252834,585.49164
Italy,ITA,2019,77.81409,9.359374,62.443287,53.251915,122.19445,0,707.9061,77.53442,709.052
Italy,ITA,2017,77.69557,15.610445,64.87614,47.216343,96.33535,0,715.7879,111.903915,713.6949
Italy,ITA,2018,76.63957,15.9788265,59.935772,46.87276,129.1771,0,692.14087,102.56716,730.3281
Italy,ITA,2014,75.177895,12.546003,60.43022,41.1195,158.60413,0,589.7159,153.44742,671.279
Italy,ITA,2022,72.0534,12.217361,71.74867,53.869656,73.41612,0,652.6924,84.7727,686.0149
Italy,ITA,1965,7.628659,,0,0,126.068275,9.959677,73.746994,100.32037,610.7382
Italy,ITA,2013,69.35559,14.687109,58.837955,40.600548,143.8312,0,667.40424,157.4031,706.4804
Italy,ITA,2021,66.94987,13.822014,65.518974,54.759983,118.76625,0,723.73676,65.18218,652.0685
Italy,ITA,2012,54.573338,17.49372,51.717564,36.761402,114.81854,0,713.5658,182.7333,772.2136
Italy,ITA,2011,49.54726,15.672072,29.781607,27.190403,126.40983,0,742.16064,178.26997,828.8807
Italy,ITA,2010,44.453087,15.863596,5.2894206,25.329655,141.87927,0,791.499,159.02751,853.3912
Italy,ITA,2009,38.438423,12.884808,1.890666,18.272715,137.22829,0,743.1756,143.82344,875.9916
Italy,ITA,2008,33.92948,7.982817,0.5423411,13.659693,116.96304,0,808.51514,183.7009,946.61163
Italy,ITA,2007,31.895386,1.9773175,0.11027721,11.406622,92.788376,0,814.5612,189.84833,1005.7119
Italy,ITA,2006,31.396915,2.1781833,0.09958917,8.453697,105.2629,0,810.5877,193.91122,1038.1772
Italy,ITA,2005,29.54878,1.9327627,0.08876583,6.708978,103.27474,0,827.69543,191.53352,1039.4667
Italy,ITA,2004,28.50561,2.753794,0.083567776,5.322411,122.00338,0,773.4183,193.01271,1072.42
Italy,ITA,2003,25.631025,,0.069603056,4.2283807,106.34755,0,745.3318,172.29904,1095.8771
Italy,ITA,2002,21.708677,,0.061295554,4.0980434,115.34942,0,676.0286,159.67827,1106.4277
Italy,ITA,2001,18.550936,,0.055818055,3.463652,137.5208,0,680.64575,154.69652,1102.6033
Italy,ITA,2000,17.80044,,0.05322583,1.664785,130.69891,0,678.785,145.58014,1124.7026
Italy,ITA,1999,16.091192,,0.050268885,1.1916666,134.14381,0,651.00085,136.37933,1132.5256
Italy,ITA,1998,14.49509,,0.047311943,0.6860214,121.88709,0,598.945,136.56216,1141.9586
Italy,ITA,1997,12.884091,,0.044354722,0.34892473,123.01962,0,556.2977,131.55106,1145.1384
Italy,ITA,1974,12.664183,,0,0,111.75941,9.675926,183.13525,114.02052,1184.078
Italy,ITA,1970,12.530111,,0,0,119.38252,9.011947,122.352,114.78809,1024.0592
Italy,ITA,1971,12.491095,,0,0,115.556175,9.548238,126.3975,110.892044,1101.3706
Italy,ITA,1996,11.878192,,0.041397776,0.093638055,124.30295,0,535.7567,129.6575,1134.0676
Italy,ITA,1975,11.843432,,0,0,121.29865,10.782557,211.03175,114.3229,1112.0737
Italy,ITA,1980,11.693398,,0,0,133.78601,6.265233,262.16373,146.00302,1163.8812
Italy,ITA,1973,11.394396,,0,0,110.9551,8.915472,162.83325,104.70489,1217.0194
Italy,ITA,1979,11.323458,,0,0,135.86478,7.456989,264.13397,124.440994,1225.9446
Italy,ITA,1978,11.280895,,0,0,134.5164,12.564516,257.09375,113.392494,1186.6757
Italy,ITA,1976,11.273801,,0,0,115.84301,10.80242,255.52075,113.35761,1162.1108
Italy,ITA,1972,11.236914,,0,0,122.26559,10.28883,144.94624,103.192986,1156.2516
Italy,ITA,1969,11.187966,,0,0,121.72742,4.7641873,113.41175,113.671616,905.27026
Italy,ITA,1977,11.019844,,0,0,151.21748,9.604988,260.9535,111.47355,1130.0887
Italy,ITA,1993,10.775463,,0.032526944,0.011350055,122.49328,0,487.87524,124.069534,1119.7963
Italy,ITA,1968,10.59067,,0,0,126.195435,7.3094387,103.293495,110.74086,821.8543
Italy,ITA,1995,10.445602,,0.03844083,0.025537638,111.72096,0,519.3057,140.90717,1153.9536
Italy,ITA,1982,10.268967,,0,0,122.59973,19.306452,253.31274,167.29755,1081.3063
Italy,ITA,1967,10.167171,,0,0,125.19892,8.943847,87.95325,114.34616,745.36487
Italy,ITA,1994,10.165042,,0.032526944,0.01986261,132.05322,0,471.44324,131.00253,1116.1196
Italy,ITA,1981,10.128864,,0,0,127.25107,7.681153,254.19873,149.63158,1138.7346
Italy,ITA,1992,10.124608,,0.026612887,0.0056750276,124.78494,0,478.13446,141.86089,1150.3917
Italy,ITA,1984,10.0760145,,0,0,125.379295,19.541964,306.87524,177.5901,1005.08795
Russia,RUS,2022,2.37415,3.6368332,6.253577,10.9527025,515.3433,559.64996,4080.4531,887.35596,1959.6976
Russia,RUS,2021,2.3236933,2.651389,6.0498614,6.7636914,561.3645,558.4149,4746.1406,951.6829,1910.099
Russia,RUS,2020,2.3177283,1.9736667,4.890518,2.9887695,557.9243,544.1421,4234.834,914.2343,1811.983
Russia,RUS,2011,1.4942764,,0.003310389,0.014874666,449.81296,457.8091,4356.3613,1093.4177,1721.7162
Russia,RUS,2014,1.4605577,0,0.43345556,0.26036054,469.74268,469.90405,4221.9824,1018.22736,1875.5392
Russia,RUS,2010,1.4492295,,0,0.011618583,462.08865,453.88834,4239.202,1053.0176,1604.9197
Russia,RUS,2019,1.4347122,1.6539444,2.5965648,0.8298305,512.3701,528.6227,4443.1274,990.7597,1896.7748
Russia,RUS,2006,1.4011465,,0,0.014796111,493.06595,427.13892,4217.3613,1128.3627,1569.5914
Russia,RUS,2017,1.3807178,0.7883333,1.447742,0.36991945,492.7725,518.77405,4311.006,976.1059,1839.0151
Russia,RUS,2009,1.3500305,,0,0.010612305,486.48764,438.38068,3977.893,1071.749,1546.3186
Russia,RUS,2012,1.3484308,,0.011547666,0.014397916,448.18112,467.11835,4286.259,1144.6897,1780.806
Russia,RUS,2008,1.3303739,,0,0.014612305,463.04135,439.75906,4227.477,1171.354,1611.6493
Russia,RUS,2018,1.3288442,1.1757778,1.6521509,0.62746054,504.37497,519.3963,4544.9927,1007.8558,1860.3485
Russia,RUS,2007,1.3214766,,0,0.018662306,500.61615,434.29578,4288.172,1092.2435,1561.667
Russia,RUS,2013,1.2807983,0,0.029434443,0.012190805,493.7124,451.1604,4248.6743,1052.7126,1785.0247
Russia,RUS,2004,1.2617728,,0,0.020171555,506.23996,400.1469,3956.1902,1161.7518,1488.477
Russia,RUS,2015,1.2617416,0,0.9037613,0.39865944,452.40176,505.12732,4086.748,1071.3556,1812.3582
Russia,RUS,2005,1.2583144,,0,0.019471223,494.25668,410.6358,4004.0103,1099.9026,1493.8191
Russia,RUS,2016,1.1665215,0.39416665,1.2536566,0.39652416,494.21262,505.07767,4206.464,1037.9774,1845.6854
Russia,RUS,2003,1.035232,,0,0.024941055,451.46228,418.39386,3855.9521,1212.4135,1509.1853
Russia,RUS,2002,0.49208748,,0,0.018096777,473.35904,396.6889,3766.749,1204.9393,1456.2139
Russia,RUS,2001,0.33027694,,0,0.009107139,510.8784,386.032,3721.688,1199.908,1509.4218
Russia,RUS,2000,0.23228611,,0,0.0056182775,485.17096,370.90576,3661.913,1230.0566,1465.8062
Russia,RUS,1990,0.19756193,,0,0,493.36066,335.749,4141.95,2120.2134,2984.632
Russia,RUS,1991,0.19720721,,0,0,497.05212,340.45584,4249.548,1942.911,2908.4788
Russia,RUS,1992,0.19082277,,0,0,510.3586,339.44055,4113.4487,1825.7065,2777.474
Russia,RUS,1994,0.18372916,,0,0,520.2113,277.5657,3853.201,1441.2252,2046.0374
Russia,RUS,1993,0.18160084,,0,0,515.37067,338.19205,4101.4873,1647.8698,2316.0288
Russia,RUS,1995,0.17769945,,0,0,521.18475,282.42352,3724.4514,1388.3457,1785.4498
Russia,RUS,1999,0.17521666,,0,0,474.5731,345.81927,3584.6611,1185.9927,1495.316
Russia,RUS,1998,0.17450722,,0,0,468.67392,294.30423,3595.7024,1176.4506,1462.641
Russia,RUS,1996,0.17202444,,0,0,456.29004,309.3629,3745.2307,1362.637,1539.5094
Russia,RUS,1997,0.17166972,,0,0,465.53064,307.8647,3454.0825,1256.4481,1526.9075
Russia,RUS,1986,,,,,485.9249,298.56754,3602.143,2366.461,2971.3591
Russia,RUS,1987,,,,,480.5931,353.8444,3809.967,2402.5642,2995.656
Russia,RUS,1988,,,,,475.84937,382.53613,4020.5618,2367.1018,2972.0117
Russia,RUS,1989,,,,,472.30792,386.8625,4080.336,2288.8674,3027.4558
Russia,RUS,1985,,,,,472.30792,281.81396,3560.848,2303.885,2936.284
Saudi Arabia,SAU,2021,0,,2.1729314,0.014858639,,0,1144.6068,1.2788855,1839.4728
Saudi Arabia,SAU,2022,0,,2.1674714,0.014804471,,0,1203.5773,1.2788855,1986.2809
Saudi Arabia,SAU,2019,0,,0.5449519,0.015009222,,0,1111.5,1.172558,1860.0538
Saudi Arabia,SAU,2020,0,,0.54443777,0.014954084,,0,1130.5,1.0281849,1758.8397
Saudi Arabia,SAU,2018,0,,0.4219622,0.012747111,,0,1121,1.1144836,1979.1283
Saudi Arabia,SAU,2017,0,,0.17307971,0.012822083,,0,1092.5021,1.3395644,2087.7917
Saudi Arabia,SAU,2014,0,,0.124296114,0,,0,972.61,1.5928696,1957.39
Saudi Arabia,SAU,2015,0,,0.12355639,0,,0,992.27496,1.0364242,2063.1904
Saudi Arabia,SAU,2016,0,,0.12282527,0,,0,1053.17,0.8553122,2125.6958
Saudi Arabia,SAU,2013,0,,0.11576222,0,,0,950.285,1.1490005,1779.6705
Saudi Arabia,SAU,2012,0,,0.070295,0,,0,943.63495,0.89776665,1769.6074
Saudi Arabia,SAU,2011,0,,0.014874666,0,,0,876.47,0.76566386,1680.0404
Saudi Arabia,SAU,2010,0,,0.011349333,0,,0,832.76996,0.7860291,1617.5393
Saudi Arabia,SAU,2008,0,,0.001711325,0,,0,764.18,0.7464194,1363.5356
Saudi Arabia,SAU,2009,0,,0.0017007611,0,,0,745.275,0.2734739,1459.588
Saudi Arabia,SAU,1980,0,,0,0,0,0,92.378,0,327.5383
Saudi Arabia,SAU,1979,0,,0,0,0,0,66.215,0,400.62827
Saudi Arabia,SAU,1978,0,,0,0,0,0,53.9315,0,331.40424
Saudi Arabia,SAU,1998,0,,0,0,0,0,444.78998,0,807.787
Saudi Arabia,SAU,1999,0,,0,0,0,0,438.9,0,836.53033
Saudi Arabia,SAU,1997,0,,0,0,0,0,430.72998,0,759.519
Saudi Arabia,SAU,1996,0,,0,0,0,0,421.895,0,746.65784
Saudi Arabia,SAU,1995,0,,0,0,0,0,407.835,0,722.17084
Saudi Arabia,SAU,1994,0,,0,0,0,0,406.31497,0,753.2654
Saudi Arabia,SAU,1977,0,,0,0,0,0,39.1115,0,306.651
Saudi Arabia,SAU,1993,0,,0,0,0,0,380.37997,0,622.4703
Saudi Arabia,SAU,1992,0,,0,0,0,0,363.375,0,618.3813
Saudi Arabia,SAU,1991,0,,0,0,0,0,334.115,0,638.3373
Saudi Arabia,SAU,1990,0,,0,0,0,0,318.44,0,609.89703
Saudi Arabia,SAU,1989,0,,0,0,0,0,283.1,0,573.44525
Saudi Arabia,SAU,1988,0,,0,0,0,0,276.44998,0,593.8246
Saudi Arabia,SAU,1976,0,,0,0,0,0,27.79225,0,265.00204
Saudi Arabia,SAU,1987,0,,0,0,0,0,254.59999,0,577.13806
Saudi Arabia,SAU,1975,0,,0,0,0,0,25.744999,0,227.51584
Saudi Arabia,SAU,1986,0,,0,0,0,0,239.4,0,545.259
Saudi Arabia,SAU,1974,0,,0,0,0,0,21.640999,0,297.71277
Saudi Arabia,SAU,1985,0,,0,0,0,0,178.6,0,551.1338
Saudi Arabia,SAU,1984,0,,0,0,0,0,172.9,0,542.398
Saudi Arabia,SAU,1973,0,,0,0,0,0,17.1,0,283.90036
Saudi Arabia,SAU,1972,0,,0,0,0,0,14.525499,0,267.64355
Saudi Arabia,SAU,1971,0,,0,0,0,0,12.8155,0,250.45639
Saudi Arabia,SAU,1982,0,,0,0,0,0,114.16149,0,437.69144
Saudi Arabia,SAU,1983,0,,0,0,0,0,111.473,0,486.50903
Saudi Arabia,SAU,1981,0,,0,0,0,0,107.711,0,393.52573
Saudi Arabia,SAU,2007,0,,0,0,,0,706.99,0.6451761,1236.4219
Saudi Arabia,SAU,2006,0,,0,0,,0,697.8795,0.23053417,1202.0599
Saudi Arabia,SAU,2005,0,,0,0,,0,676.77997,0.32532138,1134.0006
Saudi Arabia,SAU,2004,0,,0,0,,0,623.96,0.16386665,1078.3237
Saudi Arabia,SAU,2003,0,,0,0,,0,570.57,0.18353084,998.43744
Saudi Arabia,SAU,2002,0,,0,0,,0,538.64996,0.14420277,942.5885
Saudi Arabia,SAU,2001,0,,0,0,,0,510.055,0.09176527,912.1856
Saudi Arabia,SAU,2000,0,,0,0,,0,473.195,0,861.6846
Saudi Arabia,SAU,1967,,,,,0,0,8.697249,0,233.06763
Saudi Arabia,SAU,1966,,,,,0,0,7.22,0,231.1016
Saudi Arabia,SAU,1965,,,,,0,0,6.004,0,229.13554
Saudi Arabia,SAU,1970,,,,,0,0,15.3615,0,247.49394
Saudi Arabia,SAU,1969,,,,,0,0,12.59225,0,237.07051
Saudi Arabia,SAU,1968,,,,,0,0,10.459499,0,235.05855
South Korea,KOR,2013,6.571465,6.376729,4.5450187,3.129356,11.690045,362.9617,549.75824,948.3567,1335.0175
South Korea,KOR,2022,55.35065,8.645742,70.31782,8.755021,9.232518,440.45123,619.28,798.56226,1519.4181
South Korea,KOR,2012,4.151979,4.185637,3.0904262,2.5027654,10.882847,395.53366,525.2864,937.80133,1332.9854
South Korea,KOR,2021,37.985588,6.9442725,64.67803,8.321077,7.992645,396.76874,624.0739,843.5401,1499.4344
South Korea,KOR,2019,33.740208,8.137511,37.41212,7.0624223,7.35088,369.0739,560.33826,955.3661,1486.9946
South Korea,KOR,2020,32.024807,8.0247,50.787083,8.2726755,10.182727,403.69125,575.3731,840.1593,1405.6753
South Korea,KOR,2018,30.498478,7.945616,26.90048,6.521649,8.888103,338.94702,578.04004,1007.7488,1499.6987
South Korea,KOR,2017,24.42859,4.9788027,20.59623,5.772638,7.4750867,379.04672,497.5639,1002.235,1504.5675
South Korea,KOR,2016,20.56052,5.1509266,14.766931,4.5060267,7.6195855,416.14508,476.4369,947.8368,1519.5149
South Korea,KOR,2011,2.146478,3.908843,2.5455625,2.3804133,12.683376,409.58206,484.45462,973.2844,1286.9058
South Korea,KOR,2008,2.0847514,2.065488,0.7989417,1.2252808,8.6271925,407.06113,373.36835,768.74066,1232.2421
South Korea,KOR,2015,18.814123,5.180002,11.391129,3.615292,5.7783628,425.77332,456.49725,993.21594,1393.7766
South Korea,KOR,2014,15.533543,5.276531,7.299258,3.1035447,7.4538627,406.60052,500.03998,981.5569,1329.7903
South Korea,KOR,2009,1.7208042,2.9563458,1.5812083,1.9139936,7.8563766,396.00732,354.915,797.7598,1246.8798
South Korea,KOR,2010,1.330233,4.149584,2.1467013,2.2675192,10.219596,395.7749,450.16473,897.1591,1273.9985
South Korea,KOR,1996,1.2864584,,0.008870971,0,7.1687975,209.7614,127.40432,373.323,1221.4814
South Korea,KOR,2007,1.2255008,1.1129911,0.20154999,1.0621703,10.268927,387.84192,362.8176,693.7644,1292.2332
South Korea,KOR,2004,0.9348983,0.063965,0.028447777,0.13671139,12.42303,361.4554,296.7499,618.6974,1250.8655
South Korea,KOR,2005,0.82937855,0.15584193,0.041230276,0.37192306,10.518176,403.30768,317.72577,637.27167,1257.2378
South Korea,KOR,1995,0.79805106,,0.005913972,0,8.161062,190.19478,96.432465,319.77148,1141.5756
South Korea,KOR,2006,0.77024746,0.6198788,0.08827028,0.6797986,9.866548,406.14975,334.98584,658.86743,1258.5533
South Korea,KOR,2003,0.60013443,0,0.022481749,0.072111666,14.168778,360.8697,253.23859,594.5768,1259.749
South Korea,KOR,2002,0.5714044,,0.020560278,0.043435276,9.435943,333.59552,241.77722,571.3901,1249.2562
South Korea,KOR,2001,0.2809139,,0.018167278,0.036986668,6.8448663,316.11307,217.57753,531.7724,1227.4753
South Korea,KOR,1999,0.27772164,,0.013519361,0.017265862,12.298887,292.445,176.35849,443.76706,1198.3896
South Korea,KOR,2000,0.25218415,,0.015624722,0.0493375,11.856205,309.18625,198.0775,499.2131,1227.2627
South Korea,KOR,1997,0.24899195,,0.008870971,0.002957,8.320944,218.73167,154.82787,406.20566,1342.7758
South Korea,KOR,1998,0.18514778,,0.011827944,0.005913972,12.654193,254.49379,144.84235,419.26846,1117.262
South Korea,KOR,1994,0,,0.005913972,0.002957,6.9373684,166.42285,79.7376,308.57297,1046.2953
South Korea,KOR,1993,0,,0.005913972,0.002957,12.500816,164.96802,59.90264,300.51804,953.1819
South Korea,KOR,1992,0,,0.005913972,0,9.159121,160.40532,47.949326,274.12143,868.07513
South Korea,KOR,1990,0,,0.002957,0,13.850377,150.0664,31.641739,280.56445,589.91064
South Korea,KOR,1991,0,,0.002957,0,10.3082,159.7826,36.655434,281.5181,717.3476
South Korea,KOR,1985,0,,0,0,9.417911,47.515152,,256.117,311.11945
South Korea,KOR,1986,0,,0,0,9.195882,80.333496,0.7117561,271.32788,338.9009
South Korea,KOR,1989,0,,0,0,8.764424,134.39938,27.52821,284.84778,486.68192
South Korea,KOR,1981,0,,0,0,7.6813917,8.220862,,177.29004,282.14676
South Korea,KOR,1979,0,,0,0,6.789744,8.943574,,137.73409,287.68427
South Korea,KOR,1983,0,,0,0,6.783898,25.438486,,191.79149,293.03107
South Korea,KOR,1984,0,,0,0,5.9084873,33.460144,,231.0532,294.2903
South Korea,KOR,1988,0,,0,0,5.8762236,113.78625,28.449305,292.63754,425.95413
South Korea,KOR,1980,0,,0,0,5.6785283,9.866477,,153.50438,284.98254
South Korea,KOR,1974,0,,0,0,5.6356015,0,,88.446144,147.48793
South Korea,KOR,1978,0,,0,0,5.344829,6.5954514,,115.06722,255.6979
South Korea,KOR,1976,0,,0,0,5.289051,0,,104.16991,187.67162
South Korea,KOR,1982,0,,0,0,5.072307,10.718113,,179.69046,280.0684
South Korea,KOR,1975,0,,0,0,4.976048,0,,93.44705,167.17403
South Korea,KOR,1977,0,,0,0,4.1182847,0.20278583,,113.71813,223.60997
South Korea,KOR,1972,0,,0,0,4.045386,0,,67.81453,115.992966
South Korea,KOR,1971,0,,0,0,3.9031546,0,,66.16306,111.123955
South Korea,KOR,1973,0,,0,0,3.798149,0,,85.75961,142.77954
South Korea,KOR,1987,0,,0,0,11.725559,111.55461,22.022568,274.9204,356.26428
South Korea,KOR,1969,,,,,4.2240944,0,,61.336617,78.77083
South Korea,KOR,1970,,,,,3.6095493,0,,65.46527,98.390976
South Korea,KOR,1966,,,,,2.9135866,0,,65.20941,22.645342
South Korea,KOR,1967,,,,,2.8185163,0,,62.20887,39.25714
South Korea,KOR,1968,,,,,2.7484713,0,,58.7315,58.039677
South Korea,KOR,1965,,,,,2.100725,0,,57.59176,15.124584
Taiwan,TWN,2021,6.400995,0.00046929443,20.851633,5.779291,9.07745,69.77422,272.90454,465.73355,533.0977
Taiwan,TWN,2020,6.356022,0.00079276663,15.95385,6.063765,7.929167,79.23497,248.8446,433.8346,508.66864
Taiwan,TWN,2019,6.3455,0.0008666166,10.585929,4.98787,14.615929,81.76109,232.59819,464.15848,529.50494
Taiwan,TWN,2022,6.321099,0.000489625,27.832035,9.236927,15.216603,59.42972,280.66354,439.27582,490.65298
Taiwan,TWN,2018,6.28412,0.0012610833,7.1754236,4.516743,11.857049,70.27051,236.62138,473.56342,558.85205
Taiwan,TWN,2015,6.18747,0.0024331915,2.2897482,4.1074176,12.037979,94.247406,201.80359,458.4512,564.6124
Taiwan,TWN,2014,6.105167,0.31568858,1.4324683,4.064959,11.697511,110.196045,188.68167,472.62485,549.86957
Taiwan,TWN,2016,6.076986,0.0020765166,2.9688468,3.9007165,17.56683,81.33406,209.65404,464.03384,567.1863
Taiwan,TWN,2007,6.0138316,0.9362314,0.006164222,1.2428368,12.491157,109.99789,117.44902,461.68237,584.51636
Taiwan,TWN,2017,5.9317656,0.04148139,4.437576,4.5839624,14.495555,57.32057,232.4506,471.06088,560.4544
Taiwan,TWN,2005,5.9068527,0.0062085,0.0027488777,0.26143083,11.658027,109.83189,103.200806,419.94257,559.4335
Taiwan,TWN,2006,5.904411,0.01715339,0.00414575,0.78554446,11.633013,108.86396,110.69848,440.8106,563.4888
Taiwan,TWN,2004,5.9021072,0,0.0016828862,0.072769724,9.249726,109.19878,102.36428,412.37943,555.37933
Taiwan,TWN,2013,5.900474,0.88091886,0.87512136,4.4697056,14.77964,108.899414,179.37906,467.62402,532.94696
Taiwan,TWN,2011,5.8563,0.5212711,0.16999528,4.1177793,11.033864,111.49051,170.3993,468.85687,527.55475
Taiwan,TWN,2010,5.853916,0.40152332,0.060305,2.8486812,11.641059,110.875275,154.79768,452.32077,567.4767
Taiwan,TWN,2012,5.842793,0.75913805,0.43835276,3.8756392,15.545562,106.35564,178.85228,458.43033,518.0272
Taiwan,TWN,2008,5.799784,0.18704306,0.012569806,1.6530591,12.097595,110.090454,127.659584,442.00507,552.1046
Taiwan,TWN,2003,5.658613,0,0.0013369583,0.06891167,8.800473,108.2332,84.14759,396.44775,542.6902
Taiwan,TWN,2009,5.5781307,0.30719998,0.025448695,2.1968462,10.46789,111.40543,124.667755,421.60492,542.13293
Taiwan,TWN,2002,5.105405,0,0.0010157556,0.04635,8.111153,110.783844,81.52753,371.88583,519.31537
Taiwan,TWN,2001,4.214593,0,0.000775575,0.035925552,14.954215,100.0394,72.894005,342.99756,515.8321
Taiwan,TWN,2000,3.34342,0,0.00035483888,0.004089111,13.483812,109.25224,67.67396,326.856,498.69077
Taiwan,TWN,1999,2.422455,0,0,0,14.935825,107.8455,62.734764,277.2957,493.11035
Taiwan,TWN,1998,1.9383076,0,0,0,18.338825,104.607666,61.644417,268.50342,461.01413
Taiwan,TWN,1997,1.6777861,0,0,0,15.510835,102.91517,52.02493,247.48337,444.44904
Taiwan,TWN,1996,1.4999455,0,0,0,14.02516,107.22313,44.342564,216.37762,432.6465
Taiwan,TWN,1995,1.2252532,0,0,0,14.310237,100.20865,43.456387,191.85173,432.55786
Taiwan,TWN,1992,0.83447665,0,0,0,19.386,96.03429,30.593304,159.02312,350.88788
Taiwan,TWN,1994,0.82026356,0,0,0,14.966875,98.94569,38.884525,186.09622,397.5515
Taiwan,TWN,1991,0.7757811,0,0,0,11.395193,100.13613,30.850603,137.64064,337.32336
Taiwan,TWN,1993,0.7423847,0,0,0,12.149769,97.48042,32.017345,178.814,373.52438
Taiwan,TWN,1990,0.6745658,0,0,0,18.86908,93.25763,21.242907,125.66011,324.87567
Taiwan,TWN,1989,0.62274474,,0,0,14.381185,80.23396,13.235775,127.18467,313.0753
Taiwan,TWN,1982,0.023501694,,0,0,14.138028,37.126633,13.359276,48.153667,216.2127
Taiwan,TWN,1983,0.012896917,,0,0,14.748723,53.639526,13.855264,64.99985,216.6807
Taiwan,TWN,1986,0.012859889,,0,0,18.126112,76.44491,11.388483,97.247536,229.20525
Taiwan,TWN,1984,0.009948306,,0,0,12.96729,69.7715,13.941779,75.407715,207.55226
Taiwan,TWN,1988,0.008808666,,0,0,13.82057,86.97339,13.138313,121.93393,281.1456
Taiwan,TWN,1985,0.008387361,,0,0,17.745275,81.51255,12.4989195,79.881065,205.69667
Taiwan,TWN,1987,0.008022222,,0,0,16.28991,94.00213,11.518417,105.21524,241.05962
Taiwan,TWN,1971,0,,0,0,9.140054,0,11.297574,28.132969,86.65054
Taiwan,TWN,1980,0,,0,0,8.65215,23.264786,20.499619,44.48475,217.76823
Taiwan,TWN,1975,0,,0,0,15.55672,0,15.862249,22.259819,124.44161
Taiwan,TWN,1978,0,,0,0,14.684408,7.5761647,20.528925,29.78443,208.59233
Taiwan,TWN,1981,0,,0,0,14.166935,30.270609,17.468376,41.053898,191.71028
Taiwan,TWN,1974,0,,0,0,13.912635,0,15.976366,24.41137,107.38309
Taiwan,TWN,1979,0,,0,0,13.504569,17.958632,19.81717,37.59979,209.58989
Taiwan,TWN,1976,0,,0,0,12.661828,0,19.747042,23.574009,160.90163
Taiwan,TWN,1977,0,,0,0,11.8959675,0.2809139,20.840841,26.993229,177.99304
Taiwan,TWN,1972,0,,0,0,10.751613,0,13.151973,26.79552,93.771324
Taiwan,TWN,1973,0,,0,0,10.050806,0,15.177548,23.981058,119.624985
Taiwan,TWN,1969,,,,,9.024731,0,5.9241,32.42444,51.549316
Taiwan,TWN,1970,,,,,8.471774,0,5.6202574,31.680119,61.906002
Taiwan,TWN,1966,,,,,7.868548,0,2.589275,34.52947,30.388775
Taiwan,TWN,1967,,,,,7.7887096,0,3.3449,35.041187,36.092865
Taiwan,TWN,1965,,,,,7.646774,0,2.307175,34.71555,25.688173
Taiwan,TWN,1968,,,,,11.425807,0,4.7151,35.32031,43.046482
United Kingdom,GBR,2016,95.97532,10.962702,27.862413,99.47717,14.377256,184.2553,806.7364,141.17226,870.937
United Kingdom,GBR,2015,93.40063,10.818647,20.285795,108.4587,16.95837,181.78285,720.4546,277.32315,846.21655
United Kingdom,GBR,1998,8.472749,,0,2.5932796,15.1327305,282.29285,919.40485,448.6912,975.2312
United Kingdom,GBR,2014,72.21164,13.535254,10.982852,86.58072,15.950759,165.72168,700.55505,351.19412,823.3798
United Kingdom,GBR,1997,6.7349124,,0,1.972312,12.999338,278.49075,884.1824,460.17584,985.44324
United Kingdom,GBR,2013,57.79451,11.847745,5.478804,77.394104,12.813576,184.65814,763.2575,434.92456,823.42676
United Kingdom,GBR,1996,5.7606516,,0,1.4430108,10.041817,268.63037,859.84076,515.97656,1014.60156
United Kingdom,GBR,1995,5.240322,,0,1.1591398,13.755914,252.43668,738.0863,551.91327,989.9536
United Kingdom,GBR,2012,47.046696,10.365144,3.7119322,54.41952,14.557122,185.2463,768.98737,451.25424,844.02484
United Kingdom,GBR,2011,42.50035,12.327398,0.67218333,44.036316,15.701572,182.60461,819.185,357.704,867.31134
United Kingdom,GBR,1994,4.847362,,0,1.0172042,15.131505,250.5015,692.2525,578.4064,1001.6665
United Kingdom,GBR,2010,39.1459,13.315995,0.111792214,28.548616,9.968146,165.50493,984.9284,354.80872,885.20044
United Kingdom,GBR,2009,34.2043,11.452971,0.05585472,25.91908,14.599998,185.17319,912.237,346.69504,899.67926
United Kingdom,GBR,2008,30.802465,9.239789,0.04777111,19.943678,14.447031,141.52905,978.32526,420.3333,944.66113
United Kingdom,GBR,1993,3.8242605,,0,0.64166665,12.72422,253.54047,672.27216,619.4836,1012.2387
United Kingdom,GBR,2007,29.765713,4.025941,0.039586667,14.912356,14.356692,171.01944,953.0051,452.89124,964.6119
United Kingdom,GBR,2006,29.61376,2.0632083,0.031299442,12.053134,13.070101,206.0134,942.60236,480.9891,992.4421
United Kingdom,GBR,2005,29.0564,0.810123,0.022907306,8.33826,14.096299,224.2637,993.8657,440.46332,1002.56555
United Kingdom,GBR,2004,23.507072,0.1718389,0.011526612,5.587523,13.960048,221.21526,1019.879,432.50574,974.372
United Kingdom,GBR,1992,2.9821572,,0,0.09758055,15.819301,217.941,589.92017,711.3838,1007.1834
United Kingdom,GBR,1991,2.1959174,,0,0.026612887,13.412015,200.16681,592.7694,756.5896,996.0562
United Kingdom,GBR,2003,19.70771,0.1899272,0.008700361,3.7353597,9.360731,246.8092,998.0918,443.14835,948.3188
United Kingdom,GBR,2002,16.216717,0.018088305,0.0087565,3.6748126,13.973875,246.05467,995.34143,415.30847,940.8127
United Kingdom,GBR,2001,14.447916,,0.0058755833,2.8349652,11.911696,253.97932,1008.53186,452.54538,947.91754
United Kingdom,GBR,2021,127.311844,16.002556,31.761118,169.19975,14.380995,115.26251,778.26587,65.80684,681.38617
United Kingdom,GBR,2020,125.640015,18.022387,33.886326,198.5866,18.02895,126.71019,731.34485,63.38257,657.65924
United Kingdom,GBR,2000,12.391498,,0.002957,2.7973118,15.038494,241.36687,1013.4171,427.1478,952.3115
United Kingdom,GBR,2019,119.37465,19.070885,32.733635,168.267,15.63896,142.11565,776.78296,69.04289,853.57465
United Kingdom,GBR,2022,113.16647,20.605156,36.292698,208.99315,13.858746,119.393456,719.80096,58.722347,741.0432
United Kingdom,GBR,2018,111.6506,14.916917,33.517128,150.56201,14.401486,165.18587,785.66034,96.78637,870.8611
United Kingdom,GBR,2017,101.82582,10.826573,30.491041,132.10951,15.653177,179.62227,785.4911,114.2266,882.48535
United Kingdom,GBR,1999,10.946387,,0.002957,2.5134408,15.777304,269.94113,978.87683,398.9171,962.657
United Kingdom,GBR,1990,1.9019152,,0,0.026612887,15.131505,186.56375,548.7383,755.3103,1000.72107
United Kingdom,GBR,1988,0,,0.0029868612,0,14.443709,180.05734,539.2831,785.39716,966.5029
United Kingdom,GBR,1986,0,,0.0029868612,0,14.099812,167.63754,551.25037,789.77,934.29486
United Kingdom,GBR,1984,0,,0.0029868612,0,13.412903,153.16621,504.17212,549.8198,1072.8423
United Kingdom,GBR,1985,0,,0.0029868612,0,11.692527,173.35797,542.22546,731.2828,932.1647
United Kingdom,GBR,1989,0,,0,0.026612887,14.099812,203.5463,527.025,755.99646,987.9981
United Kingdom,GBR,1972,0,,0,0,9.973925,83.36051,270.6301,866.92346,1309.8104
United Kingdom,GBR,1971,0,,0,0,9.973925,78.167854,190.70872,989.713,1235.2861
United Kingdom,GBR,1969,0,,0,0,9.627956,82.642624,62.06931,1184.0502,1160.3401
United Kingdom,GBR,1967,0,,0,0,14.444893,66.048836,14.10719,1213.8346,1019.7785
United Kingdom,GBR,1965,0,,0,0,13.637634,42.945786,8.59457,1365.3271,885.7195
United Kingdom,GBR,1970,0,,0,0,13.412903,73.80944,118.27709,1116.759,1228.7844
United Kingdom,GBR,1966,0,,0,0,13.412903,57.36604,8.38523,1299.4199,948.9158
United Kingdom,GBR,1983,0,,0,0,13.412903,141.67145,492.78635,773.76715,872.7711
United Kingdom,GBR,1982,0,,0,0,13.412903,124.7712,472.74786,766.63794,907.5991
United Kingdom,GBR,1976,0,,0,0,13.412903,102.590355,389.24445,846.26855,1085.842
United Kingdom,GBR,1981,0,,0,0,13.066936,107.7376,475.12036,821.99677,897.2701
United Kingdom,GBR,1979,0,,0,0,12.723925,108.699524,470.166,889.11346,1133.3358
United Kingdom,GBR,1987,0,,0,0,12.380322,156.73863,566.16,809.08746,908.5694
United Kingdom,GBR,1974,0,,0,0,12.037903,95.38874,350.22583,826.6604,1248.8663
United Kingdom,GBR,1978,0,,0,0,12.037903,105.62365,429.13535,827.1372,1123.2587
United Kingdom,GBR,1977,0,,0,0,11.691936,113.56018,413.714,849.04816,1094.9343
United Kingdom,GBR,1980,0,,0,0,11.691936,105.053314,468.7704,826.48596,969.12396
United Kingdom,GBR,1975,0,,0,0,11.348925,86.084526,366.973,831.60315,1092.2395
United Kingdom,GBR,1973,0,,0,0,11.348925,79.4419,292.8085,938.9829,1344.5009
United Kingdom,GBR,1968,0,,0,0,11.005914,74.314514,31.85457,1214.7535,1079.4958
United States,USA,1983,92.87418,,0.008870971,0.0079689445,1001.46606,877.1718,4542.236,4425.291,8311.476
United States,USA,1981,85.271935,,,,788.0665,814.437,5208.629,4428.934,8812.755
United States,USA,1980,83.19769,,,,833.8772,750.0465,5337.385,4293.98,9453.472
United States,USA,1982,82.482185,,,,933.0167,844.6035,4841.7095,4265.7964,8350.531
United States,USA,1979,80.76656,,,,845.5077,762.11053,5450.8975,4187.284,10257.833
United States,USA,1978,77.66801,,,,846.6703,825.5766,5275.3843,3832.5771,10501.414
United States,USA,1977,73.79462,,,,667.8574,749.35266,5256.951,3876.1572,10271.533
United States,USA,1976,70.68109,,,,857.00183,570.799,5366.3896,3782.042,9729.595
United States,USA,1974,64.21887,,,,908.6373,340.42935,5732.247,3525.567,9271.507
United States,USA,1973,63.077263,,,,822.67194,249.34128,5937.959,3611.4897,9655.255
United States,USA,1975,61.847786,,,,905.47394,515.2481,5261.532,3525.5413,9049.838
United States,USA,1972,59.056416,,,,824.16016,161.56253,5986.9644,3362.425,9119.912
United States,USA,1971,52.73299,,,,805.0521,113.81286,5926.5264,3229.2007,8461.684
United States,USA,1970,51.628983,,,,749.57416,65.126785,5748.658,3414.6594,8176.1914
United States,USA,1969,51.566704,,,,757.07355,41.60047,5454.107,3447.2375,7831.838
United States,USA,1968,49.46122,,,,674.651,37.420605,5066.815,3433.0764,7457.961
United States,USA,1966,44.817505,,,,591.21124,16.487183,4482.756,3380.8462,6731.245
United States,USA,1967,44.80583,,,,671.8895,22.865034,4733.1885,3316.9966,6988.794
United States,USA,1965,42.48756,,,,588.3642,10.92204,4159.206,3224.2441,6414.477
United States,USA,2014,258.46606,360.51514,79.149445,497.09286,692.8534,2181.4148,7222.6045,5010.856,9693.266
United States,USA,2015,257.11536,377.21143,106.173836,518.78766,663.6914,2168.4624,7435.795,4329.0776,9890.718
United States,USA,2016,253.68344,409.22888,148.36197,613.80566,706.1052,2178.6594,7490.9893,3960.741,9961.576
United States,USA,2017,253.61206,410.05365,207.73387,683.6094,789.88806,2163.843,7399.9224,3852.5925,10057.775
United States,USA,2018,250.43823,404.62054,249.51344,728.6906,765.9766,2156.8943,8219.633,3689.4585,10299.73
United States,USA,2013,247.9214,355.4264,43.71487,462.05396,726.45966,2172.1208,7070.228,5022.2715,9627.553
United States,USA,2012,236.72406,321.97974,24.778908,390.02423,751.3726,2130.7642,6881.228,4838.4043,9472.587
United States,USA,2019,234.43285,415.87015,284.61578,787.8162,752.48486,2155.1316,8509.999,3150.46,10283.932
United States,USA,2011,233.10303,321.36047,13.073,334.87445,871.99786,2201.92,6582.108,5473.0713,9694.557
United States,USA,2010,231.14172,296.77344,8.36292,265.36844,714.0861,2262.4282,6481.9346,5800.5415,9891.228
United States,USA,2007,228.42906,166.3436,3.0974057,98.39529,687.23645,2303.2964,6241.383,6333.8496,11001.755
United States,USA,2008,227.04823,227.21904,4.5890007,157.14497,705.47595,2288.3762,6288.912,6233.0547,10273.694
United States,USA,2006,226.21246,131.7001,2.3458428,76.42107,812.4882,2262.5813,5865.778,6249.6826,11070.909
United States,USA,2020,225.99403,378.32114,346.77893,896.4879,742.6633,2095.4043,8328.868,2556.1814,9032.397
United States,USA,2009,225.44714,258.137,5.7975593,208.42696,758.3137,2253.5059,6176.281,5482.3765,9737.244
United States,USA,2005,224.87389,93.97538,2.1444123,51.514107,762.8928,2261.768,5951.9297,6346.9565,11214.078
United States,USA,2021,224.51933,415.83948,434.5851,999.6149,651.4552,2060.6848,8358.034,2936.8943,9863.398
United States,USA,2022,224.40579,433.8656,537.5174,1145.0632,674.0775,2031.8195,8812.123,2741.2214,10041.679
United States,USA,2002,223.19736,46.96246,1.7559638,30.527706,753.54846,2299.8767,6201.112,6098.454,10642.413
United States,USA,2004,223.00745,80.42666,2.0117748,41.169025,756.59106,2295.2163,6046.277,6254.9824,11197.866
United States,USA,2003,221.49284,63.713413,1.7709733,32.772766,782.9493,2237.2922,6021.9004,6214.537,10803.683
United States,USA,2001,207.93979,39.31184,1.6873215,19.992777,617.6405,2281.4634,6006.5796,6101.3154,10636.849
United States,USA,1993,207.36926,25.75947,1.4050486,8.977978,825.742,1822.853,5599.419,5522.452,9376.045
United States,USA,2000,207.28418,37.003212,1.5332363,16.706276,806.55237,2251.771,6283.9067,6286.536,10654.134
United States,USA,1999,206.67468,32.287457,1.5327319,13.405012,936.19806,2175.1914,6042.628,6020.0947,10537.092
United States,USA,1994,206.01799,28.846281,1.4840325,10.296024,766.8695,1912.9027,5731.0806,5543.1436,9619.746
United States,USA,1997,204.61305,28.103718,1.5751754,9.820892,1052.6086,1877.6708,6125.3154,5970.778,10079.769
United States,USA,1998,203.94733,31.054237,1.5514119,9.037323,952.4145,2012.2523,6021.791,6029.3384,10251.111
United States,USA,1996,201.58798,22.19422,1.6007403,9.659704,1027.7001,2015.3181,6088.898,5847.301,9947.139
United States,USA,1992,200.87881,22.04472,1.2089486,8.62462,743.463,1848.1967,5463.5093,5324.031,9297.387
United States,USA,1995,196.96019,30.94238,1.521287,9.451174,920.2736,2011.3563,5979.829,5593.053,9597.527
United States,USA,1991,187.33241,19.38873,1.4141886,8.814071,849.6199,1829.6448,5283.972,5287.6133,9108.509
United States,USA,1990,177.65938,16.732738,1.0964366,8.329151,864.2715,1723.0038,5170.609,5337.9976,9306.913
United States,USA,1989,150.50424,,0.7485094,6.3083715,812.35645,1581.1072,5170.22,5309.3555,9517.53
United States,USA,1987,132.17368,,0.031353053,0.010576473,755.2452,1359.8279,4652.7437,5013.8677,9142.152
United States,USA,1988,131.4849,,0.027162472,0.0026015528,675.33093,1573.9937,4866.0215,5247.1436,9520.884
United States,USA,1986,119.69509,,0.041911665,0.012511944,878.1518,1236.6727,4376.204,4805.599,8955.589
United States,USA,1985,112.69191,,0.031750277,0.017210277,849.1951,1146.0297,4669.5405,4866.301,8540.4375
United States,USA,1984,110.73758,,0.015675027,0.019384695,968.67194,978.5948,4851.5723,4752.76,8573.317
Russia,RUS,1965,0,,0,0,240.79947,5.2793875,1216.7582,3459.1882,1994.8495
Russia,RUS,1984,,,,,600.23334,408.0302,5043.178,3933.0122,4936.0293
Russia,RUS,1981,,,,,552.2,247.11546,3993.0425,3900.5837,5045.3105
Russia,RUS,1980,,,,,543.90265,209.75847,3770.774,3925.49,5001.7017
Russia,RUS,1983,,,,,533.3285,316.08612,4621.894,3970.4863,4935.318
Russia,RUS,1982,,,,,516.518,284.47247,4310.4585,3960.327,5008.4785
Russia,RUS,1979,,,,,508.67017,169.16612,3658.6013,4048.7354,4771.3433
Russia,RUS,1978,,,,,501.80402,148.8637,3446.4756,4019.6404,4689.1055
Russia,RUS,1977,,,,,434.7188,144.80069,3231.9692,4044.1145,4418.7495
Russia,RUS,1976,,,,,401.36694,108.2588,3016.267,3972.7527,4248.6206
Russia,RUS,1974,,,,,390.4113,60.89479,2512.157,3866.987,3944.1707
Russia,RUS,1971,,,,,372.87338,15.286398,2071.2183,3703.805,3079.1697
Russia,RUS,1975,,,,,372.5422,81.197235,2740.9695,3977.0586,4134.596
Russia,RUS,1970,,,,,367.78143,12.452332,1894.8474,3630.3936,2904.4417
Russia,RUS,1972,,,,,363.411,27.90175,2178.4827,3807.3274,3339.661
Russia,RUS,1973,,,,,361.77283,40.604885,2369.1487,3848.096,3590.3982
Russia,RUS,1969,,,,,340.589,10.307973,1724.4337,3660.7078,2638.379
Russia,RUS,1968,,,,,307.64517,8.89094,1613.604,3608.9702,2481.1162
Russia,RUS,1966,,,,,271.51962,5.8562326,1357.3743,3585.219,2136.2473
Russia,RUS,1967,,,,,261.90347,6.3954577,1494.425,3640.7202,2327.5435
World,OWID_WRL,2008,976.6638,538.46704,35.682663,622.1905,9137.472,7381.6016,30026.16,40780.08,47537.797
World,OWID_WRL,1972,93.40202,14.82311,0,0,3798.634,431.79926,10861.724,17158.637,30139.71
World,OWID_WRL,2007,913.1756,397.3358,22.108496,484.96048,8687.896,7450.836,29315.736,40231.242,47942.97
World,OWID_WRL,1971,87.339066,13.562146,0,0,3628.942,311.28723,10293.2,16965.777,28021.105
World,OWID_WRL,2006,841.28894,306.51932,16.39757,379.86954,8599.518,7653.7217,28161.41,38068.867,47388.004
World,OWID_WRL,1970,80.33795,13.501494,0,0,3473.4265,223.80801,9614.819,17058.607,26520.377
World,OWID_WRL,2005,789.99854,246.52557,11.99108,299.59247,8336.344,7607.3535,27438.281,36183.348,46887.754
World,OWID_WRL,2004,729.37866,210.21715,8.563793,246.72266,8116.5034,7635.7695,26721.139,33685.52,46387.812
World,OWID_WRL,1969,72.558716,9.723981,0,0,3316.9805,175.31134,8833.446,16798.734,24363.566
World,OWID_WRL,1968,69.03191,9.5538,0,0,3132.3052,147.87189,8044.3594,16301.146,22499.12
World,OWID_WRL,2003,674.7783,178.32689,6.541638,183.53348,7607.18,7350.6562,25729.617,31506.16,44652.22
World,OWID_WRL,2002,639.19446,159.00194,5.252374,152.89404,7665.752,7551.0767,25030.172,28962.951,43676.043
World,OWID_WRL,1967,62.35338,9.383716,0,0,2973.9692,116.35517,7374.067,16060.81,20744.31
World,OWID_WRL,1966,61.737606,9.209844,0,0,2909.136,97.70497,6868.8228,16324.094,19352.656
World,OWID_WRL,2001,593.69916,131.35425,4.1827884,112.75258,7575.7827,7480.557,24316.832,27864.945,43377.22
World,OWID_WRL,2000,571.651,132.91783,3.1327264,92.87796,7826.347,7322.6826,23994.258,27434.627,42978.04
World,OWID_WRL,1965,55.949085,9.029861,0,0,2729.8865,72.469345,6303.8267,16140.178,17996.53
World,OWID_WRL,1999,546.14624,135.43088,2.6769266,62.767708,7690.094,7161.0522,23071.902,26485.373,42383.22
World,OWID_WRL,1998,520.55,133.53989,2.4006376,47.10265,7632.345,6898.552,22433.998,26372.479,41670.18
World,OWID_WRL,1997,499.9418,130.18306,2.2167242,35.567307,7573.9106,6781.843,22030.393,26540.139,41453.445
World,OWID_WRL,1996,466.32935,125.91322,2.0676155,27.250431,7442.8306,6828.8057,22159.256,26584.988,40334.64
World,OWID_WRL,1995,454.25476,131.20163,1.8891695,24.46058,7344.2354,6590.213,21104.494,25966.357,39460.77
World,OWID_WRL,1994,434.65265,124.175285,1.7652723,21.088448,6967.2666,6316.248,20389.613,25788.928,38782.055
World,OWID_WRL,1993,418.23853,114.44431,1.6460894,16.867165,6923.671,6199.8696,20265.482,25688.932,37961.344
World,OWID_WRL,1992,404.78116,108.79633,1.379965,13.994874,6530.39,5993.4634,20063.484,25558.422,38147.168
World,OWID_WRL,1991,376.81265,110.728714,1.4942344,12.082573,6531.108,5948.311,19972.84,25658.182,37663.043
World,OWID_WRL,1990,361.19138,106.64288,1.1483465,10.741176,6383.708,5676.7207,19481.125,25906.625,37676.57
World,OWID_WRL,1989,322.35043,95.68924,0.77539134,7.835361,6172.975,5518.996,18888.676,26215.674,37164.043
World,OWID_WRL,1988,290.86093,89.560196,0.030149443,0.980478,6204.8037,5366.448,18088.848,25967.129,36551.46
World,OWID_WRL,1987,282.4433,85.33012,0.031353053,0.57772696,6012.1157,4922.331,17281.895,25212.426,35404.36
World,OWID_WRL,1986,263.68542,84.20299,0.04489833,0.4105228,5931.9126,4525.0864,16421.11,24258.035,34712.902
World,OWID_WRL,1985,243.15495,68.41009,0.03473722,0.18989833,5852.605,4224.8374,16262.222,23987.826,33667.098
World,OWID_WRL,2022,2413.8076,1199.2067,3448.2373,5487.6,11299.816,6702.3394,39413.043,44854.035,52969.59
World,OWID_WRL,1984,236.32065,57.806423,0.018661888,0.13234167,5740.62,3559.8567,15902.68,23001.078,33680.13
World,OWID_WRL,2021,2335.3115,1142.8717,2771.829,4851.594,11222.36,7037.069,40670.66,44564.812,51349.656
World,OWID_WRL,2020,2182.6973,1073.7583,2243.835,4186.181,11448.027,6776.866,38603.406,42233.39,48609.645
World,OWID_WRL,1983,211.77058,49.01924,0.008870971,0.09697445,5552.5425,2933.459,14703.833,22046.346,32956.613
World,OWID_WRL,2019,2072.3691,1124.6016,1858.954,3744.7256,11185.189,7071.7817,39058.266,43534.613,53512.844
World,OWID_WRL,2018,1973.996,1049.8936,1523.3044,3358.8267,11084.954,6855.408,38355.83,43795.4,53405.137
World,OWID_WRL,1982,191.2329,37.556244,0,0.054704163,5325.2656,2588.3174,14469.734,21385.451,33208.07
World,OWID_WRL,2017,1826.1881,974.0694,1185.5515,3037.927,10834.706,6734.279,36521.11,43129.867,52866.46
World,OWID_WRL,2016,1714.8402,953.7291,879.17914,2575.6694,10746.731,6714.155,35592.57,42715.14,51992.56
World,OWID_WRL,2015,1688.6459,912.97784,689.34564,2238.8726,10447.261,6655.106,34788.023,43669.83,50964.02
World,OWID_WRL,1981,164.9076,29.747923,0,0.031048333,5230.6284,2385.6428,14395.873,21149.68,34268.04
World,OWID_WRL,2014,1560.9077,878.8694,534.40076,1912.321,10535.74,6606.008,33977.36,44858.12,49934.684
World,OWID_WRL,1980,153.78857,32.78612,0,0.031048333,5120.4688,2020.0956,14236.961,20857.61,35525.133
World,OWID_WRL,2013,1442.059,828.65063,377.72363,1732.0238,10324.202,6512.8066,33741.91,44670.625,49590.31
World,OWID_WRL,1979,144.51552,28.023214,0,0.017741943,5012.647,1846.8246,14118.032,20363.537,37114.258
World,OWID_WRL,1978,135.02682,23.178774,0,0.008870971,4773.711,1775.7009,13293.952,19457.904,36550.02
World,OWID_WRL,2012,1334.975,762.47174,278.36545,1454.6062,9985.715,6500.3687,33203.004,44022.523,49113.688
World,OWID_WRL,1977,127.266624,18.318535,0,0,4410.859,1528.1375,12759.843,19241.3,34960.312
World,OWID_WRL,2011,1232.3865,735.38153,181.10184,1215.6783,9635.082,7021.4863,32349.238,43895.938,48312.62
World,OWID_WRL,1976,120.57106,13.751189,0,0,4267.3394,1227.7115,12354.144,18688.486,33782.324
World,OWID_WRL,2010,1173.9039,699.7631,94.12616,961.486,9520.602,7373.091,31593.695,41937.48,47971.41
World,OWID_WRL,1975,108.1472,13.688392,0,0,4284.3325,1049.4497,11659.741,18024.537,31746.924
World,OWID_WRL,1974,106.87296,14.334716,0,0,4232.1367,756.48175,11659.864,17682.05,32120.803
World,OWID_WRL,2009,1049.1632,610.6535,58.852226,773.0175,9066.387,7232.23,29405.35,40144.2,46489.17
World,OWID_WRL,1973,100.24631,14.250557,0,0,3852.995,578.5737,11377.838,17667.85,32560.594
China,CHN,1971,0,,0,0,85.97514,0,37.694195,2224.8772,451.57767
China,CHN,1972,0,,0,0,97.43588,0,48.780727,2352.9236,519.6965
China,CHN,1973,0,,0,0,108.89662,0,60.2704,2383.743,633.9831
China,CHN,1974,0,,0,0,123.23235,0,75.892334,2358.564,729.073
China,CHN,1975,0,,0,0,128.95619,0,89.19617,2658.2107,804.07825
China,CHN,1976,0,,0,0,130.68118,0,101.79449,2723.1646,919.1864
China,CHN,1977,0,,0,0,136.41808,0,122.15339,2995.5388,971.0417
China,CHN,1978,0,,0,0,127.81926,0,138.38004,3289.1963,1076.6368
China,CHN,1979,0,,0,0,143.5794,0,146.2414,3402.7053,1079.2994
China,CHN,1980,0,,0,0,172.1594,0,143.82251,3539.019,972.5329
China,CHN,1981,0,,0,0,193.72179,0,128.40216,3520.1948,921.53076
China,CHN,1982,0,,0,0,220.04097,0,120.23844,3724.8376,911.7529
China,CHN,1983,0,,0,0,255.53398,0,123.06047,3989.0044,930.09924
China,CHN,1984,0,,0,0,256.7101,0,125.27778,4338.266,964.89026
China,CHN,1985,0,,0,0,273.189,0,130.31711,4736.2646,1010.60034
China,CHN,1986,0,,0,0,279.5793,0,138.6824,4951.424,1074.4205
China,CHN,1987,0,,0,0,295.77072,0,139.99261,5372.2417,1142.2338
China,CHN,1988,0,,0,0,322.80865,0,143.72173,5771.2236,1229.358
China,CHN,1989,0,,0,0,350.1341,0,151.6738,6046.902,1287.7268
China,CHN,1990,0.1840839,,0.005913972,0.0059737223,374.78055,0,154.18336,6134.5166,1274.5724
China,CHN,1991,0.1840839,,0.005913972,0.026881723,368.7039,0,156.11848,6433.4272,1379.1438
China,CHN,1992,0.32312194,,0.008870971,0.38829136,386.4373,0,159.14207,6731.4966,1495.9119
China,CHN,1993,0.3344722,,0.011827944,0.62724,449.00748,4.551374,168.96878,7170.3564,1663.7761
China,CHN,1994,1.429398,,0.014784943,1.1350057,495.08563,41.87037,176.97124,7641.667,1690.6384
China,CHN,1995,9.582288,,0.020698916,1.8219833,563.543,36.41383,178.79547,7736.85,1825.6307
China,CHN,1996,4.854988,,0.026612887,0.2777778,555.82526,40.684288,187.36234,8095.389,2023.0286
China,CHN,1997,8.650518,,0.032526944,0.5854242,579.51074,40.91129,197.98524,7931.912,2221.5454
China,CHN,1998,7.878005,,0.041397776,1.0513738,588.1156,40.008957,204.16347,7871.717,2287.5908
China,CHN,1999,8.005693,,0.050268885,1.4008363,581.285,42.418007,216.63077,8099.032,2437.2446
China,CHN,2000,8.05996,0,0.06505389,1.7443249,657.664,47.491486,246.95747,8211.406,2626.8958
China,CHN,2001,8.11222,0,0.09107139,2.1128333,815.0305,49.25513,276.4577,8635.754,2683.249
China,CHN,2002,8.0847,1.715418,0.14010417,2.4441555,840.53674,70.37826,294.1357,9467.457,2895.598
China,CHN,2003,8.050821,4.734554,0.18560806,2.8913352,822.7072,120.6185,341.74728,11283.059,3234.7622
China,CHN,2004,8.023351,5.9704113,0.21900554,3.6821108,1018.7907,139.55797,399.8397,13155.28,3777.772
China,CHN,2005,16.937796,8.375286,0.24052666,5.5723767,1136.8239,145.87096,469.75107,15405.105,3838.487
China,CHN,2006,22.711811,12.102545,0.27031332,10.5616255,1239.9875,149.74545,577.8375,16918.38,4116.769
China,CHN,2007,31.429167,13.065048,0.32234886,15.493363,1372.1426,168.5819,710.77893,18423.912,4313.5674
China,CHN,2008,47.383926,16.717094,0.42712888,36.81176,1789.8945,184.42581,819.32904,18715.92,4408.092
China,CHN,2009,66.50917,19.88861,0.77916664,77.120735,1719.3163,187.72626,902.24023,19605.02,4580.2983
China,CHN,2010,79.41089,19.796558,1.9456807,137.11253,1974.5,199.07062,1088.7405,20340.541,5214.49
China,CHN,2011,88.13886,21.900799,7.2000885,204.41629,1898.0785,230.8353,1351.6287,22143.604,5390.7334
China,CHN,2012,96.119995,25.84364,9.855914,282.55618,2365.7258,258.69043,1508.7758,22422.357,5654.2993
China,CHN,2013,118.464005,35.383873,22.822338,376.8275,2479.0735,291.60797,1718.7853,22902.13,5907.4697
China,CHN,2014,147.62354,37.398174,63.696743,432.8128,2870.8083,346.31763,1883.6313,22804.703,6142.5166
China,CHN,2015,172.51358,26.169725,106.32008,499.7926,3001.3591,442.86957,1946.8953,22329.041,6609.8955
China,CHN,2016,198.2697,28.38226,178.09781,644.79254,3087.3403,547.62866,2094.411,21675.78,6823.578
China,CHN,2017,254.01604,26.255138,313.5,810.629,3100.5762,633.5887,2412.5217,21915.443,7183.172
China,CHN,2018,299.10825,34.035908,468.02914,967.807,3171.9277,748.9546,2839.26,22352.146,7534.6616
China,CHN,2019,359.75897,30.524982,590.45776,1068.3596,3354.375,882.02563,3083.7683,22922.236,7915.1772
China,CHN,2020,432.8601,22.804985,685.72406,1225.164,3471.19,922.8886,3366.1726,23402.553,7984.4526
China,CHN,2021,529.58386,28.214336,855.6533,1716.0167,3401.68,1023.2132,3802.6792,24315.475,8200.554
China,CHN,2022,563.745,27.87439,1115.1132,1988.4497,3397.4243,1045.2504,3757.0474,24559.486,7821.5244
China,CHN,1965,,,,,65.34059,0,11.086529,1330.7045,129.06253
China,CHN,1966,,,,,66.490585,0,13.505407,1423.512,165.7999
China,CHN,1967,,,,,57.316765,0,14.714847,1265.3439,163.69284
China,CHN,1968,,,,,67.62751,0,14.110127,1255.9236,179.03456
China,CHN,1969,,,,,68.777504,0,19.754179,1516.6101,240.04433
China,CHN,1970,,,,,71.07749,0,28.92576,1929.6497,332.04553
